글번호,등록일자,등록시간,등록자이름,이메일,비밀번호,글내용,
1,2021-05-11,10:10:17,갈한수,Kor001@naver.com,1234,"국회의 정기회는 법률이 정하는 바에 의하여 매년 1회 집회되며, 국회의 임시회는 대통령 또는 국회재적의원 4분의 1 이상의 요구에 의하여 집회된다. 형사피고인은 유죄의 판결이 확정될 때까지는 무죄로 추정된다. 국회는 국정을 감사하거나 특정한 국정사안에 대하여 조사할 수 있으며, 이에 필요한 서류의 제출 또는 증인의 출석과 증언이나 의견의 진술을 요구할 수 있다.",
2,2021-05-21,10:10:08,강이찬,Kor002@naver.com,1234,"연소자의 근로는 특별한 보호를 받는다. 선거에 관한 경비는 법률이 정하는 경우를 제외하고는 정당 또는 후보자에게 부담시킬 수 없다. 훈장등의 영전은 이를 받은 자에게만 효력이 있고, 어떠한 특권도 이에 따르지 아니한다.",
3,2021-05-12,10:10:11,개원훈,Kor003@naver.com,1234,"국무위원은 국정에 관하여 대통령을 보좌하며, 국무회의의 구성원으로서 국정을 심의한다. 계엄을 선포한 때에는 대통령은 지체없이 국회에 통고하여야 한다.",
4,2021-05-01,10:10:46,경시현,Kor004@naver.com,1234,"국회는 의장 1인과 부의장 2인을 선출한다. 중앙선거관리위원회는 법령의 범위안에서 선거관리·국민투표관리 또는 정당사무에 관한 규칙을 제정할 수 있으며, 법률에 저촉되지 아니하는 범위안에서 내부규율에 관한 규칙을 제정할 수 있다.",
5,2021-05-24,10:10:56,공동영,Kor005@naver.com,1234,"국가는 모성의 보호를 위하여 노력하여야 한다. 재의의 요구가 있을 때에는 국회는 재의에 붙이고, 재적의원과반수의 출석과 출석의원 3분의 2 이상의 찬성으로 전과 같은 의결을 하면 그 법률안은 법률로서 확정된다.",
6,2021-05-05,10:10:36,기대연,Kor006@naver.com,1234,"대통령의 국법상 행위는 문서로써 하며, 이 문서에는 국무총리와 관계 국무위원이 부서한다. 군사에 관한 것도 또한 같다. 대통령은 국가의 독립·영토의 보전·국가의 계속성과 헌법을 수호할 책무를 진다",
7,2021-05-08,10:10:28,기원호,Kor007@naver.com,1234,"국가는 농업 및 어업을 보호·육성하기 위하여 농·어촌종합개발과 그 지원등 필요한 계획을 수립·시행하여야 한다. 정당의 목적이나 활동이 민주적 기본질서에 위배될 때에는 정부는 헌법재판소에 그 해산을 제소할 수 있고, 정당은 헌법재판소의 심판에 의하여 해산된다.",
8,2021-05-23,10:10:20,기은성,Kor008@naver.com,1234,모든 국민은 법 앞에 평등하다. 누구든지 성별·종교 또는 사회적 신분에 의하여 정치적·경제적·사회적·문화적 생활의 모든 영역에 있어서 차별을 받지 아니한다.,
9,2021-05-06,10:10:12,나한율,Kor009@naver.com,1234,"법률안에 이의가 있을 때에는 대통령은 제1항의 기간내에 이의서를 붙여 국회로 환부하고, 그 재의를 요구할 수 있다. 국회의 폐회중에도 또한 같다. 각급 선거관리위원회는 선거인명부의 작성등 선거사무와 국민투표사무에 관하여 관계 행정기관에 필요한 지시를 할 수 있다.",
10,2021-05-12,10:10:23,남동예,Kor010@naver.com,1234,"비상계엄하의 군사재판은 군인·군무원의 범죄나 군사에 관한 간첩죄의 경우와 초병·초소·유독음식물공급·포로에 관한 죄중 법률이 정한 경우에 한하여 단심으로 할 수 있다. 다만, 사형을 선고한 경우에는 그러하지 아니하다.",
11,2021-05-08,10:10:32,낭시우,Kor011@naver.com,1234,"대통령은 국가의 원수이며, 외국에 대하여 국가를 대표한다. 선거운동은 각급 선거관리위원회의 관리하에 법률이 정하는 범위안에서 하되, 균등한 기회가 보장되어야 한다.",
12,2021-05-03,10:10:14,내세원,Kor012@naver.com,1234,연소자의 근로는 특별한 보호를 받는다. 국민경제자문회의의 조직·직무범위 기타 필요한 사항은 법률로 정한다. 모든 국민은 통신의 비밀을 침해받지 아니한다.,
13,2021-05-14,10:10:04,뇌성수,Kor013@naver.com,1234,"헌법재판소는 법관의 자격을 가진 9인의 재판관으로 구성하며, 재판관은 대통령이 임명한다. 국가는 모성의 보호를 위하여 노력하여야 한다. 국가의 세입·세출의 결산, 국가 및 법률이 정한 단체의 회계검사와 행정기관 및 공무원의 직무에 관한 감찰을 하기 위하여 대통령 소속하에 감사원을 둔다.",
14,2021-05-25,10:10:48,단수혁,Kor014@naver.com,1234,"법률은 특별한 규정이 없는 한 공포한 날로부터 20일을 경과함으로써 효력을 발생한다. 국회는 국정을 감사하거나 특정한 국정사안에 대하여 조사할 수 있으며, 이에 필요한 서류의 제출 또는 증인의 출석과 증언이나 의견의 진술을 요구할 수 있다.",
15,2021-05-16,10:10:28,담성민,Kor015@naver.com,1234,"혼인과 가족생활은 개인의 존엄과 양성의 평등을 기초로 성립되고 유지되어야 하며, 국가는 이를 보장한다. 국회의원은 그 지위를 남용하여 국가·공공단체 또는 기업체와의 계약이나 그 처분에 의하여 재산상의 권리·이익 또는 직위를 취득하거나 타인을 위하여 그 취득을 알선할 수 없다.",
16,2021-05-19,10:10:43,담원준,Kor016@naver.com,1234,"법관이 중대한 심신상의 장해로 직무를 수행할 수 없을 때에는 법률이 정하는 바에 의하여 퇴직하게 할 수 있다. 감사위원은 원장의 제청으로 대통령이 임명하고, 그 임기는 4년으로 하며, 1차에 한하여 중임할 수 있다.",
17,2021-05-13,10:10:27,담장호,Kor017@naver.com,1234,국회의원은 법률이 정하는 직을 겸할 수 없다. 군인·군무원·경찰공무원 기타 법률이 정하는 자가 전투·훈련등 직무집행과 관련하여 받은 손해에 대하여는 법률이 정하는 보상외에 국가 또는 공공단체에 공무원의 직무상 불법행위로 인한 배상은 청구할 수 없다.,
18,2021-05-15,10:10:17,독고예준,Kor018@naver.com,1234,대통령으로 선거될 수 있는 자는 국회의원의 피선거권이 있고 선거일 현재 40세에 달하여야 한다. 국가는 여자의 복지와 권익의 향상을 위하여 노력하여야 한다.,
19,2021-05-07,10:10:51,돈송혁,Kor019@naver.com,1234,"누구든지 체포 또는 구속을 당한 때에는 적부의 심사를 법원에 청구할 권리를 가진다. 법률안에 이의가 있을 때에는 대통령은 제1항의 기간내에 이의서를 붙여 국회로 환부하고, 그 재의를 요구할 수 있다. 국회의 폐회중에도 또한 같다.",
20,2021-05-14,10:10:04,돈재현,Kor020@naver.com,1234,대통령후보자가 1인일 때에는 그 득표수가 선거권자 총수의 3분의 1 이상이 아니면 대통령으로 당선될 수 없다. 명령·규칙 또는 처분이 헌법이나 법률에 위반되는 여부가 재판의 전제가 된 경우에는 대법원은 이를 최종적으로 심사할 권한을 가진다.,
21,2021-05-12,10:10:25,두동환,Kor021@naver.com,1234,행정각부의 설치·조직과 직무범위는 법률로 정한다. 국가는 청원에 대하여 심사할 의무를 진다. 제1항의 해임건의는 국회재적의원 3분의 1 이상의 발의에 의하여 국회재적의원 과반수의 찬성이 있어야 한다.,
22,2021-05-23,10:10:11,두채훈,Kor022@naver.com,1234,피고인의 자백이 고문·폭행·협박·구속의 부당한 장기화 또는 기망 기타의 방법에 의하여 자의로 진술된 것이 아니라고 인정될 때 또는 정식재판에 있어서 피고인의 자백이 그에게 불리한 유일한 증거일 때에는 이를 유죄의 증거로 삼거나 이를 이유로 처벌할 수 없다.,
23,2021-05-27,10:10:27,명윤일,Kor023@naver.com,1234,"이 헌법은 1988년 2월 25일부터 시행한다. 다만, 이 헌법을 시행하기 위하여 필요한 법률의 제정·개정과 이 헌법에 의한 대통령 및 국회의원의 선거 기타 이 헌법시행에 관한 준비는 이 헌법시행 전에 할 수 있다.",
24,2021-05-21,10:10:17,모재원,Kor024@naver.com,1234,"국가는 균형있는 국민경제의 성장 및 안정과 적정한 소득의 분배를 유지하고, 시장의 지배와 경제력의 남용을 방지하며, 경제주체간의 조화를 통한 경제의 민주화를 위하여 경제에 관한 규제와 조정을 할 수 있다.",
25,2021-05-26,10:10:08,문은진,Kor025@naver.com,1234,"누구든지 체포 또는 구속을 당한 때에는 즉시 변호인의 조력을 받을 권리를 가진다. 다만, 형사피고인이 스스로 변호인을 구할 수 없을 때에는 법률이 정하는 바에 의하여 국가가 변호인을 붙인다.",
26,2021-05-23,10:10:24,박수혁,Kor026@naver.com,1234,군인·군무원·경찰공무원 기타 법률이 정하는 자가 전투·훈련등 직무집행과 관련하여 받은 손해에 대하여는 법률이 정하는 보상외에 국가 또는 공공단체에 공무원의 직무상 불법행위로 인한 배상은 청구할 수 없다.,
27,2021-05-18,10:10:27,방윤후,Kor027@naver.com,1234,국민의 자유와 권리는 헌법에 열거되지 아니한 이유로 경시되지 아니한다. 국가는 건전한 소비행위를 계도하고 생산품의 품질향상을 촉구하기 위한 소비자보호운동을 법률이 정하는 바에 의하여 보장한다.,
28,2021-05-06,10:10:08,방채호,Kor028@naver.com,1234,"정부는 회계연도마다 예산안을 편성하여 회계연도 개시 90일전까지 국회에 제출하고, 국회는 회계연도 개시 30일전까지 이를 의결하여야 한다. 국회의 회의는 공개한다. 다만, 출석의원 과반수의 찬성이 있거나 의장이 국가의 안전보장을 위하여 필요하다고 인정할 때에는 공개하지 아니할 수 있다.",
29,2021-05-04,10:10:43,배세준,Kor029@naver.com,1234,"정당은 그 목적·조직과 활동이 민주적이어야 하며, 국민의 정치적 의사형성에 참여하는데 필요한 조직을 가져야 한다. 원장은 국회의 동의를 얻어 대통령이 임명하고, 그 임기는 4년으로 하며, 1차에 한하여 중임할 수 있다.",
30,2021-05-05,10:10:04,배채호,Kor030@naver.com,1234,대통령의 임기연장 또는 중임변경을 위한 헌법개정은 그 헌법개정 제안 당시의 대통령에 대하여는 효력이 없다. 국회는 국민의 보통·평등·직접·비밀선거에 의하여 선출된 국회의원으로 구성한다.,
